Nama Hewan,Nama Barang,Nama Objek,Nama Benda,Nama Makanan,Sifat Lucu
Cendrawasih,Harddisk,RV,Anting,Waffle,Lincah
Harimau,Buku,Hatchback,Topi,Puding,Kreatif
Burung,Router,Jalan,Tirai,Gudeg,Cerdas
Serigala,Fax,Jembatan,Sprei,Sate,Imut-imut
Gorila,Rice Cooker,Kereta,Sikat Gigi,Hotdog,Pandai
Rajawali,Kursi,Motor,Kain,Ayam Goreng,Riang
Singa,Komputer,Helikopter,Ember,Nachos,Seru
Kura-Kura,Mouse,Yacht,Pasta Gigi,Sushi,Lucu Abis
Orangutan,Whiteboard,Ambulans,Gayung,Donat,Ceria
Beo,Mixer,Kapal Selam,Raket,Nasi Goreng,Imut
Panda,Mesin Cuci,Tram,Karpet,Es Buah,Bikin Ngakak
Burung Hantu,Pensil,Pesawat,Parfum,Ketoprak,Centil
Kuda,Telepon,Pikap,Kacamata,Spaghetti,Humoris
Rusa,AC,Mobil,Handuk,Tahu,Menggelitik
Kaswari,Meja,Ekskavator,Jaket,Pizza,Aneh
Badak,Kulkas,Jet,Kipas,Lasagna,Ngakak
Lumba-Lumba,Laptop,Bulldozer,Tas,Brownies,Gemesin
Merpati,Printer,Polisi,Sisir,Jus,Penyayang
Bebek,Toaster,Taksi,Guling,Bakso,Gokil
Angsa,Vacuum Cleaner,Tank,Pel,Steak,Nyeleneh
Kucing,Kipas Angin,Delman,Selang,Yogurt,Gemes
Kelinci,Flashdisk,Feri,Dasi,Rendang,Lucu Banget
Merak,Speaker,Skuter,Dompet,Soto,Pintar
Kuda Nil,Kamera,Kapal,Gelang,Roti,Menghibur
Buaya,Lampu,Gedung,Sepatu,Es Krim,Menarik
Gajah,Setrika,Jeep,Bola,Tempe,Unik
Elang,Scanner,Coupe,Bantal,Pempek,Bikin Ketawa
Kakatua,Kompor,Truk,Ikat Pinggang,Kerupuk,Asyik
Anjing,Proyektor,SUV,Sabun,Salad,Kocak
Pinguin,Handphone,Pemadam Kebakaran,Lotion,Kue,Usil
Zebra,Dispenser,Karavan,Cincin,Sambal,Jail
Ular,Microwave,Perahu,Kalung,Mie Ayam,Jenaka
Kadal,Modem,Bus,Jam,Pancake,Geli
Kangguru,CCTV,Rumah,Payung,Gado-Gado,Menggemaskan
Iguana,Keyboard,Minivan,Shampoo,Burger,Cerdik
Komodo,Monitor,Sedan,Sapu,Tacos,Lucu
Simpanse,Televisi,Sepeda,Selimut,Rawon,Konyol
Kenari,Gelas,Becak,Kasur,Cupcake,Lucu Pol
Koala,Oven,Panser,Deodoran,Smoothie,Supel
Buaya,Blender,Traktor,Sarung Tangan,Burrito,Pintar
Merpati,Scanner,Rumah,Ikat Pinggang,Bakso,Bikin Ngakak
Burung,Scanner,Ekskavator,Selimut,Steak,Supel
Kenari,Whiteboard,Truk,Sisir,Roti,Bikin Ngakak
Kelinci,Telepon,Kapal Selam,Bola,Pempek,Asyik
Kadal,Meja,Perahu,Jaket,Steak,Seru
Kuda Nil,Proyektor,Bus,Tirai,Sate,Lucu Banget
Merak,Buku,Ekskavator,Bantal,Nachos,Gemesin
Iguana,Komputer,Sepeda,Ember,Sate,Imut
Gajah,Televisi,Kapal,Ember,Sushi,Asyik
Kangguru,Mixer,Jeep,Gayung,Yogurt,Lincah
Koala,Kipas Angin,SUV,Jaket,Yogurt,Unik
Burung Hantu,Mesin Cuci,Coupe,Kacamata,Cupcake,Seru
Singa,Telepon,Kapal,Gelang,Es Buah,Jail
Koala,Handphone,Kereta,Dasi,Nasi Goreng,Bikin Ketawa
Gorila,Handphone,Hatchback,Gelang,Cupcake,Pandai
Komodo,Whiteboard,Mobil,Kacamata,Rawon,Imut
Burung Hantu,CCTV,Delman,Pel,Yogurt,Supel
Elang,Router,Jet,Kipas,Waffle,Gemesin
Rajawali,Handphone,Hatchback,Jaket,Salad,Imut-imut
Beo,CCTV,Pikap,Shampoo,Tahu,Usil
Gorila,Monitor,Taksi,Sarung Tangan,Spaghetti,Supel
Rusa,Whiteboard,Rumah,Sepatu,Gudeg,Kreatif
Kura-Kura,Televisi,Yacht,Tirai,Rendang,Lucu Abis
Kangguru,Rice Cooker,Kereta,Payung,Pempek,Lucu
Koala,Kipas Angin,Jembatan,Ember,Kerupuk,Bikin Ketawa
Pinguin,Pensil,Pikap,Sarung Tangan,Smoothie,Gemes
Burung,Scanner,Rumah,Karpet,Smoothie,Humoris
Simpanse,Kulkas,Coupe,Sikat Gigi,Ayam Goreng,Ngakak
Kelinci,Telepon,Traktor,Pasta Gigi,Burrito,Nyeleneh
Panda,Setrika,Skuter,Anting,Cupcake,Imut
Bebek,Whiteboard,Tram,Tas,Waffle,Lucu Abis
Bebek,Vacuum Cleaner,Feri,Bola,Spaghetti,Ngakak
Rajawali,Printer,Truk,Sisir,Tempe,Cerdik
Koala,Router,Polisi,Guling,Kue,Cerdik
Orangutan,Oven,Gedung,Ember,Rendang,Usil
Simpanse,Handphone,Gedung,Bola,Hotdog,Menggelitik
Badak,Flashdisk,Polisi,Selimut,Puding,Nyeleneh
Merpati,CCTV,Jet,Lotion,Sate,Nyeleneh
Rusa,Setrika,Gedung,Kacamata,Rawon,Ceria
Kuda,Komputer,RV,Kalung,Kerupuk,Ceria
Bebek,Kompor,RV,Shampoo,Sate,Unik
Komodo,Setrika,Kapal,Shampoo,Pempek,Seru
Iguana,CCTV,Motor,Jaket,Sate,Unik
Rajawali,Buku,Hatchback,Karpet,Waffle,Geli
Kuda Nil,Keyboard,Polisi,Cincin,Kue,Lucu
Kangguru,Harddisk,Yacht,Kasur,Gudeg,Menggelitik
Iguana,Mesin Cuci,Jembatan,Kain,Steak,Menghibur
Elang,Proyektor,Hatchback,Kalung,Jus,Bikin Ngakak
Beo,Kursi,Bulldozer,Sabun,Sambal,Pintar
Burung Hantu,Whiteboard,Taksi,Raket,Rawon,Lucu Abis
Simpanse,Vacuum Cleaner,Taksi,Dasi,Bakso,Aneh
Koala,Keyboard,Pikap,Anting,Es Buah,Kocak
Serigala,Kipas Angin,Sepeda,Kain,Es Buah,Ngakak
Ular,Router,Kereta,Bola,Jus,Nyeleneh
Lumba-Lumba,Setrika,Ambulans,Sapu,Pancake,Ceria
Kelinci,Kipas Angin,Tram,Kain,Nasi Goreng,Konyol
Komodo,Fax,Yacht,Ember,Salad,Penyayang
Lumba-Lumba,Setrika,Minivan,Raket,Ayam Goreng,Lincah
Burung Hantu,Telepon,Skuter,Kacamata,Nasi Goreng,Menarik
Burung Hantu,Kursi,RV,Shampoo,Burrito,Menggelitik
Kelinci,Printer,Motor,Lotion,Donat,Ceria
Kangguru,Vacuum Cleaner,Jeep,Jam,Pancake,Menggemaskan
Beo,Dispenser,Bus,Topi,Kerupuk,Geli
Kangguru,AC,Jet,Jam,Puding,Seru
Zebra,Laptop,Kereta,Dompet,Mie Ayam,Lucu
Singa,Oven,Yacht,Anting,Ketoprak,Ngakak
Bebek,Flashdisk,Kapal Selam,Dompet,Spaghetti,Menarik
Kangguru,Router,Karavan,Selimut,Yogurt,Menggelitik
Orangutan,Vacuum Cleaner,Jalan,Selimut,Puding,Lucu Abis
Rajawali,Lampu,Karavan,Sarung Tangan,Gudeg,Asyik
Kenari,Oven,Pikap,Raket,Bakso,Bikin Ngakak
Simpanse,Meja,Taksi,Kipas,Lasagna,Aneh
Merpati,Blender,Coupe,Pasta Gigi,Sushi,Pintar
Kangguru,Komputer,Bus,Kain,Mie Ayam,Bikin Ngakak
Kadal,Kompor,Ambulans,Jam,Jus,Nyeleneh
Simpanse,Telepon,Pemadam Kebakaran,Deodoran,Spaghetti,Bikin Ngakak
Kenari,AC,SUV,Sabun,Sambal,Seru
Koala,Harddisk,Bus,Sarung Tangan,Rawon,Menggemaskan
Rusa,Router,Kapal Selam,Deodoran,Waffle,Pandai
Kaswari,Gelas,Kapal,Anting,Sambal,Usil
Kakatua,Printer,Taksi,Selimut,Pancake,Pintar
Kenari,Flashdisk,Tram,Selimut,Tempe,Gokil
Beo,Komputer,Polisi,Shampoo,Tacos,Unik
Bebek,CCTV,Coupe,Cincin,Waffle,Gemesin
Gorila,Pensil,Jalan,Handuk,Sambal,Centil
Rusa,Kursi,Tank,Sisir,Nachos,Menggelitik
Elang,Blender,Traktor,Parfum,Sushi,Konyol
Ular,Meja,Perahu,Jaket,Burrito,Menghibur
Serigala,Kompor,Rumah,Selang,Sambal,Cerdas
Zebra,Kompor,Yacht,Tas,Waffle,Riang
Komodo,CCTV,SUV,Bola,Pempek,Ngakak
Buaya,Gelas,Tank,Anting,Sate,Unik
Burung,Whiteboard,Hatchback,Dompet,Kue,Menggemaskan
Merak,Proyektor,Sedan,Payung,Tahu,Menarik
Harimau,Whiteboard,Sedan,Sprei,Mie Ayam,Menggelitik
Pinguin,Harddisk,Sepeda,Payung,Es Krim,Bikin Ketawa
Harimau,Keyboard,Jet,Gayung,Nachos,Lucu Abis
Simpanse,Pensil,Hatchback,Jam,Nachos,Jail
Gajah,Modem,Hatchback,Pasta Gigi,Pempek,Bikin Ketawa
Rajawali,Printer,Truk,Anting,Bakso,Cerdas
Kenari,Kompor,Polisi,Kacamata,Gado-Gado,Centil
Koala,Televisi,Tank,Jaket,Kue,Centil
Gajah,Harddisk,Karavan,Bantal,Kerupuk,Usil
Kaswari,Harddisk,Jet,Pel,Tempe,Supel
Ular,Mesin Cuci,Panser,Kain,Salad,Bikin Ngakak
Kelinci,Mixer,Pesawat,Sepatu,Waffle,Kocak
Kuda,Kulkas,Bus,Bola,Jus,Imut-imut
Burung Hantu,Setrika,Tank,Tirai,Nasi Goreng,Usil
Rajawali,Kursi,Kereta,Sabun,Pancake,Menggemaskan
Beo,Handphone,Tank,Raket,Es Buah,Lucu Abis
Merpati,Oven,Tram,Pel,Rawon,Lucu Abis
Kuda,Monitor,Kapal Selam,Sapu,Sate,Seru
Gajah,Whiteboard,Panser,Anting,Waffle,Pintar
Merak,Dispenser,Traktor,Ember,Nasi Goreng,Gemesin
Gorila,Microwave,Kapal Selam,Cincin,Donat,Penyayang
Serigala,Meja,Gedung,Guling,Mie Ayam,Menghibur
Koala,Blender,Bus,Kipas,Pancake,Lucu
Zebra,Lampu,Bulldozer,Parfum,Spaghetti,Lucu Pol
Serigala,Keyboard,Taksi,Cincin,Pempek,Usil
Kangguru,Dispenser,Jet,Kacamata,Smoothie,Humoris
Kadal,Mixer,Yacht,Kacamata,Sushi,Pandai
Koala,Scanner,Perahu,Raket,Rawon,Bikin Ketawa
Merpati,Whiteboard,Pesawat,Selimut,Pancake,Menggemaskan
Rusa,Oven,Polisi,Kasur,Hotdog,Bikin Ketawa
Rusa,Flashdisk,Jet,Sisir,Hotdog,Gokil
Rajawali,Kursi,Kapal,Guling,Brownies,Ceria
Kakatua,Vacuum Cleaner,SUV,Tirai,Sushi,Lucu Pol
Burung,Meja,Traktor,Pasta Gigi,Sambal,Lucu
Bebek,Mixer,Traktor,Dompet,Es Krim,Bikin Ngakak
Angsa,Harddisk,Bulldozer,Payung,Es Krim,Pandai
Elang,Mouse,Taksi,Tirai,Smoothie,Menarik
Harimau,Rice Cooker,Jeep,Dompet,Roti,Pintar
Merak,Setrika,Jet,Payung,Pizza,Imut-imut
Pinguin,Harddisk,Jalan,Tas,Gudeg,Seru
Kangguru,Keyboard,Ekskavator,Handuk,Rawon,Lucu
Kakatua,Speaker,Tram,Kacamata,Rendang,Supel
Ular,Keyboard,Hatchback,Sprei,Pancake,Lucu Abis
Koala,Microwave,Bus,Jaket,Mie Ayam,Gemes
Angsa,CCTV,Helikopter,Sisir,Ketoprak,Kocak
Orangutan,Speaker,Tank,Sisir,Steak,Imut-imut
Beo,Gelas,Bus,Sisir,Puding,Lucu Pol
Koala,Pensil,Bulldozer,Kain,Sushi,Gemes
Iguana,Buku,Sepeda,Raket,Tacos,Gemes
Komodo,Handphone,Jalan,Guling,Gado-Gado,Cerdik
Zebra,Pensil,Jet,Shampoo,Tacos,Seru
Kaswari,Vacuum Cleaner,Pikap,Dompet,Steak,Gokil
Simpanse,Kamera,SUV,Cincin,Kue,Gemes
Kakatua,Microwave,Becak,Bola,Tahu,Cerdik
Anjing,AC,Polisi,Kacamata,Cupcake,Geli
Badak,Kompor,Polisi,Jaket,Nasi Goreng,Centil
Angsa,Modem,Jet,Sapu,Sushi,Seru
Merak,Buku,Sedan,Ikat Pinggang,Lasagna,Unik
Kakatua,Router,Ambulans,Jam,Tahu,Menarik
Merpati,Dispenser,Ambulans,Kacamata,Es Buah,Riang
Burung,AC,Tank,Deodoran,Brownies,Cerdas
Kakatua,Mesin Cuci,Rumah,Jaket,Es Buah,Asyik
Panda,CCTV,Truk,Sikat Gigi,Rawon,Menggemaskan
Gajah,Whiteboard,Traktor,Raket,Gado-Gado,Gemes
Kaswari,Kipas Angin,Jet,Selang,Pancake,Jenaka
Bebek,Whiteboard,Rumah,Karpet,Rendang,Aneh
Kelinci,Laptop,Minivan,Pasta Gigi,Kerupuk,Penyayang
Badak,Mesin Cuci,Pikap,Kipas,Bakso,Konyol
Harimau,Kompor,Gedung,Gelang,Jus,Kocak
Zebra,Laptop,Coupe,Bantal,Bakso,Konyol
Orangutan,Mixer,Ekskavator,Guling,Sate,Penyayang
Orangutan,Laptop,Becak,Bola,Ayam Goreng,Lucu
Orangutan,Laptop,Jeep,Sikat Gigi,Burger,Geli
Kadal,Buku,Jeep,Anting,Salad,Aneh
Gajah,Kompor,Tram,Pasta Gigi,Gado-Gado,Menggemaskan
Zebra,Pensil,Pikap,Sisir,Gado-Gado,Gokil
Pinguin,Televisi,Skuter,Sabun,Yogurt,Bikin Ngakak
Cendrawasih,Kompor,Yacht,Jam,Brownies,Menghibur
Kakatua,Whiteboard,Ekskavator,Gelang,Pizza,Bikin Ketawa
Kelinci,Modem,Kapal,Ember,Donat,Seru
Pinguin,Mesin Cuci,Delman,Dompet,Pempek,Pintar
Gorila,Rice Cooker,Tram,Selimut,Tahu,Supel
Bebek,Printer,Jalan,Topi,Pancake,Menggelitik
Kuda Nil,Toaster,Minivan,Selang,Puding,Ngakak
Kura-Kura,Vacuum Cleaner,Ekskavator,Raket,Ketoprak,Supel
Burung,Rice Cooker,Feri,Parfum,Waffle,Bikin Ketawa
Kangguru,Pensil,Jet,Kain,Spaghetti,Menghibur
Kenari,Harddisk,Karavan,Selimut,Burrito,Aneh
Gajah,Toaster,Pesawat,Selang,Donat,Seru
Orangutan,Kursi,Tram,Anting,Soto,Menggemaskan
Burung Hantu,Oven,Panser,Sepatu,Burger,Imut-imut
Zebra,Printer,Skuter,Sarung Tangan,Kerupuk,Menggelitik
Anjing,Proyektor,Ekskavator,Raket,Kue,Usil
Kuda,Kipas Angin,Kapal Selam,Kalung,Bakso,Gokil
Serigala,Rice Cooker,RV,Payung,Spaghetti,Imut
Badak,Printer,Gedung,Jam,Es Krim,Konyol
Komodo,Kompor,Jeep,Payung,Lasagna,Imut-imut
Merak,Komputer,Traktor,Ikat Pinggang,Puding,Aneh
Buaya,Blender,Kapal Selam,Anting,Jus,Lucu Abis
Beo,Mesin Cuci,Pesawat,Kipas,Es Buah,Nyeleneh
Rusa,Kulkas,Hatchback,Tas,Yogurt,Lucu Banget
Iguana,Pensil,Panser,Dasi,Yogurt,Asyik
Lumba-Lumba,Vacuum Cleaner,Mobil,Shampoo,Steak,Imut-imut
Kenari,Modem,Traktor,Ikat Pinggang,Ketoprak,Pintar
Angsa,Buku,Feri,Gelang,Lasagna,Menggemaskan
Lumba-Lumba,Kompor,Gedung,Kipas,Salad,Jail
Kaswari,Kompor,RV,Sabun,Smoothie,Imut-imut
Komodo,Buku,Ekskavator,Sabun,Mie Ayam,Cerdik
Harimau,CCTV,Jembatan,Selang,Gado-Gado,Imut
Singa,Kamera,Jet,Anting,Ketoprak,Kocak
Burung,AC,Taksi,Kipas,Sate,Centil
Kadal,Kursi,Traktor,Kacamata,Spaghetti,Unik
Kelinci,Toaster,Tram,Handuk,Waffle,Lincah
Badak,Pensil,Karavan,Kipas,Es Krim,Centil
Lumba-Lumba,Telepon,Tram,Ikat Pinggang,Salad,Penyayang
Cendrawasih,Kursi,Bulldozer,Guling,Salad,Lucu
Kadal,Speaker,Tram,Tirai,Jus,Bikin Ketawa
Rajawali,Speaker,Bus,Pasta Gigi,Hotdog,Unik
Gajah,Speaker,Pesawat,Jam,Ayam Goreng,Imut-imut
Harimau,Gelas,Truk,Kacamata,Rawon,Menggemaskan
Singa,Kulkas,RV,Lotion,Sushi,Pintar
Anjing,Mesin Cuci,Becak,Selang,Tempe,Menggelitik
Serigala,Flashdisk,Jeep,Pel,Pancake,Gemesin
Cendrawasih,Komputer,Jet,Ember,Smoothie,Usil
Bebek,Laptop,Yacht,Sprei,Waffle,Supel
Badak,Mesin Cuci,Kapal Selam,Sikat Gigi,Sate,Jenaka
Burung,Kursi,Polisi,Selang,Cupcake,Lincah
Gorila,Scanner,Tank,Sisir,Burger,Nyeleneh
Angsa,Mouse,Pikap,Kasur,Smoothie,Pintar
Badak,Lampu,Perahu,Kalung,Salad,Pintar
Serigala,Rice Cooker,RV,Guling,Burrito,Seru
Bebek,Gelas,Bus,Payung,Soto,Lucu Pol
Pinguin,Televisi,Jembatan,Selimut,Cupcake,Menggemaskan
Bebek,Proyektor,Kapal Selam,Kalung,Tempe,Gemes
Buaya,Lampu,Yacht,Kacamata,Puding,Aneh
Kelinci,Whiteboard,RV,Shampoo,Tahu,Lucu Pol
Kura-Kura,Keyboard,Tank,Tirai,Nachos,Imut
Harimau,Modem,Minivan,Pel,Tahu,Gemes
Kadal,Kursi,Mobil,Jam,Jus,Ceria
Ular,Handphone,Coupe,Handuk,Kerupuk,Pintar
Serigala,AC,RV,Deodoran,Nachos,Humoris
Kaswari,Mixer,Coupe,Parfum,Tempe,Imut-imut
Koala,Buku,SUV,Jam,Ketoprak,Ceria
Pinguin,Microwave,Pesawat,Topi,Roti,Menghibur
Gorila,Kamera,Bus,Gelang,Brownies,Menggemaskan
Koala,AC,Karavan,Sprei,Tempe,Unik
Gajah,Monitor,Jeep,Shampoo,Kue,Supel
Kuda Nil,Harddisk,Jeep,Karpet,Nasi Goreng,Supel
Buaya,Setrika,Sepeda,Cincin,Puding,Jenaka
Kangguru,Meja,Gedung,Sikat Gigi,Bakso,Nyeleneh
Rajawali,Router,Jalan,Kalung,Kerupuk,Centil
Komodo,Lampu,Ekskavator,Deodoran,Kerupuk,Jail
Kakatua,Kipas Angin,Minivan,Bola,Rendang,Pandai
Komodo,Proyektor,Motor,Raket,Sushi,Menggemaskan
Kangguru,Mouse,Tank,Topi,Sambal,Menggemaskan
Koala,Mixer,Jeep,Kasur,Jus,Konyol
Pinguin,Handphone,Minivan,Bantal,Bakso,Usil
Beo,Modem,Feri,Selang,Bakso,Cerdas
Kaswari,Telepon,Taksi,Deodoran,Tacos,Lincah
Beo,Blender,Gedung,Jaket,Ketoprak,Geli
Angsa,Laptop,Rumah,Bola,Spaghetti,Aneh
Kuda,Harddisk,Pikap,Ember,Ayam Goreng,Menghibur
Serigala,Mouse,Karavan,Topi,Sambal,Imut-imut
Kaswari,Kulkas,Pemadam Kebakaran,Sepatu,Kue,Lucu Abis
Kuda,Kursi,Truk,Sprei,Puding,Gokil
Zebra,Buku,Panser,Cincin,Es Krim,Centil
Rajawali,Kipas Angin,Helikopter,Kipas,Lasagna,Cerdik
Merpati,Proyektor,Becak,Gayung,Steak,Gemesin
Cendrawasih,Mouse,Coupe,Sarung Tangan,Puding,Menggemaskan
Harimau,Blender,Kapal,Selang,Mie Ayam,Imut
Burung,Proyektor,Mobil,Karpet,Ketoprak,Penyayang
Elang,Lampu,Delman,Sapu,Lasagna,Supel
Pinguin,Fax,Kereta,Handuk,Donat,Supel
Anjing,Setrika,Pemadam Kebakaran,Lotion,Es Krim,Pintar
Harimau,Handphone,RV,Parfum,Donat,Unik
Zebra,Scanner,Delman,Handuk,Tahu,Cerdas
Kakatua,Dispenser,Jeep,Jaket,Cupcake,Bikin Ngakak
Rusa,Toaster,Taksi,Jaket,Gudeg,Kreatif
Kangguru,Monitor,Bus,Kalung,Rawon,Menarik
Anjing,Monitor,Jet,Gelang,Steak,Cerdik
Koala,Setrika,Jet,Ikat Pinggang,Rendang,Menggelitik
Komodo,Telepon,Pemadam Kebakaran,Tirai,Smoothie,Ceria
Panda,Proyektor,Yacht,Dasi,Jus,Cerdik
Kangguru,AC,Truk,Topi,Tacos,Supel
Koala,Harddisk,Taksi,Kacamata,Pancake,Lucu Pol
Rusa,Komputer,Minivan,Kipas,Es Buah,Ngakak
Serigala,Speaker,Sedan,Dasi,Sushi,Lucu Banget
Rajawali,Mouse,Pemadam Kebakaran,Parfum,Pizza,Menggemaskan
Ular,Kamera,Kapal Selam,Topi,Nasi Goreng,Gokil
Beo,Microwave,Bulldozer,Kain,Sushi,Aneh
Elang,Dispenser,Panser,Sepatu,Puding,Menggemaskan
Iguana,Kipas Angin,Minivan,Karpet,Jus,Ngakak
Orangutan,Flashdisk,Mobil,Gayung,Brownies,Jenaka
Gajah,Monitor,Gedung,Ikat Pinggang,Pancake,Nyeleneh
Koala,Meja,Polisi,Gayung,Sambal,Humoris
Gajah,Microwave,RV,Pasta Gigi,Rawon,Menggelitik
Beo,Flashdisk,Hatchback,Sarung Tangan,Cupcake,Menggemaskan
Merak,Komputer,RV,Topi,Soto,Lincah
Kelinci,Kulkas,Panser,Kain,Pempek,Centil
Elang,Meja,Pesawat,Ember,Jus,Menggemaskan
Koala,Kipas Angin,Yacht,Sepatu,Bakso,Penyayang
Elang,Rice Cooker,Feri,Selang,Nasi Goreng,Gokil
Buaya,Oven,RV,Topi,Spaghetti,Lincah
Pinguin,Oven,Skuter,Lotion,Sambal,Menghibur
Gorila,Toaster,Jeep,Kalung,Soto,Menarik
Cendrawasih,AC,Motor,Sapu,Waffle,Jenaka
Komodo,Buku,Helikopter,Sapu,Roti,Menghibur
Burung Hantu,Scanner,Mobil,Lotion,Lasagna,Pintar
Panda,Kulkas,Sedan,Lotion,Ayam Goreng,Gemes
Kadal,Fax,Bulldozer,Jam,Sambal,Menggelitik
Komodo,Vacuum Cleaner,Truk,Kacamata,Brownies,Cerdik
Serigala,Oven,Rumah,Bantal,Gudeg,Jail
Koala,Whiteboard,Ambulans,Kipas,Pempek,Cerdas
Angsa,Mixer,Kapal Selam,Gelang,Bakso,Konyol
Koala,Pensil,RV,Anting,Bakso,Menggemaskan
Burung,Modem,Ambulans,Guling,Gado-Gado,Lucu Abis
Kuda,Keyboard,Jeep,Shampoo,Pempek,Cerdik
Bebek,Dispenser,Panser,Lotion,Donat,Lucu Pol
Burung Hantu,Kompor,Minivan,Sikat Gigi,Spaghetti,Unik
Serigala,Vacuum Cleaner,Tram,Gayung,Soto,Gemes
Rusa,Gelas,Jeep,Gayung,Rendang,Lucu Pol
Gorila,Printer,Bulldozer,Sapu,Gado-Gado,Ngakak
Kaswari,Vacuum Cleaner,Becak,Sisir,Lasagna,Usil
Kura-Kura,Telepon,Rumah,Anting,Steak,Nyeleneh
Angsa,Kulkas,Helikopter,Handuk,Hotdog,Lincah
Elang,Mixer,Sedan,Payung,Es Krim,Aneh
Kangguru,Modem,Sedan,Topi,Nachos,Ngakak
Merpati,Flashdisk,Pesawat,Pel,Cupcake,Menggemaskan
Kenari,Oven,Ambulans,Parfum,Gudeg,Lucu Banget
Elang,Router,Jet,Kacamata,Roti,Supel
Harimau,Mouse,Coupe,Gelang,Tempe,Imut
Kucing,Monitor,Kereta,Tas,Spaghetti,Geli
Pinguin,Flashdisk,Minivan,Pasta Gigi,Es Krim,Pintar
Kelinci,Rice Cooker,Kapal,Kain,Ayam Goreng,Imut-imut
Kura-Kura,Microwave,Tram,Topi,Brownies,Humoris
Kangguru,Kipas Angin,Bus,Pasta Gigi,Donat,Imut-imut
Badak,Kompor,Taksi,Pel,Lasagna,Jail
Pinguin,AC,Taksi,Gayung,Sambal,Jail
Rajawali,Fax,Perahu,Bola,Salad,Lucu
Burung,Kamera,Ambulans,Handuk,Donat,Humoris
Koala,Kompor,Truk,Ember,Kerupuk,Lucu Banget
Beo,Dispenser,Panser,Cincin,Kerupuk,Jenaka
Ular,Buku,Minivan,Sepatu,Sushi,Geli
Burung,Modem,Skuter,Handuk,Ayam Goreng,Bikin Ketawa
Merak,AC,SUV,Topi,Cupcake,Centil
Gorila,Vacuum Cleaner,Pemadam Kebakaran,Tirai,Nachos,Pintar
Gajah,Flashdisk,Jalan,Pel,Sate,Kocak
Beo,Blender,Mobil,Kacamata,Jus,Imut
Simpanse,Keyboard,Kapal Selam,Tas,Jus,Lucu Banget
Kucing,Vacuum Cleaner,Jet,Dasi,Burrito,Menarik
Kaswari,Toaster,Karavan,Karpet,Spaghetti,Lucu Pol
Kangguru,Komputer,Jet,Tas,Steak,Menghibur
Rusa,Pensil,Helikopter,Ikat Pinggang,Ayam Goreng,Ceria
Rajawali,Vacuum Cleaner,Jeep,Handuk,Mie Ayam,Asyik
Kura-Kura,Mesin Cuci,Taksi,Sabun,Sushi,Pandai
Bebek,Vacuum Cleaner,Coupe,Handuk,Tempe,Konyol
Komodo,Blender,Hatchback,Sarung Tangan,Ayam Goreng,Penyayang
Panda,Router,Kapal,Lotion,Gado-Gado,Cerdas
Elang,Gelas,Ekskavator,Kacamata,Waffle,Kocak
Kangguru,Dispenser,Ekskavator,Tas,Es Krim,Cerdas
Kangguru,Modem,Kereta,Gayung,Ayam Goreng,Jail
Burung Hantu,Mesin Cuci,Kereta,Sepatu,Steak,Penyayang
Buaya,Vacuum Cleaner,Truk,Pel,Pizza,Lucu Pol
Kuda Nil,Televisi,Traktor,Karpet,Spaghetti,Lucu Abis
Elang,Blender,Jembatan,Kalung,Nasi Goreng,Menggelitik
Elang,Keyboard,Ekskavator,Ember,Es Buah,Imut
Panda,Televisi,Rumah,Dasi,Es Buah,Cerdas
Merak,Kipas Angin,Coupe,Bola,Rendang,Jenaka
Orangutan,Harddisk,Skuter,Dompet,Sambal,Jenaka
Bebek,Kursi,Karavan,Lotion,Pempek,Menarik
Koala,Gelas,Sedan,Jaket,Sate,Penyayang
Badak,Kipas Angin,Traktor,Kacamata,Es Buah,Menggelitik
Singa,Proyektor,Ambulans,Ember,Cupcake,Supel
Kura-Kura,Kursi,Mobil,Selang,Roti,Jenaka
Anjing,Printer,Delman,Kipas,Salad,Supel
Kuda Nil,Kamera,Gedung,Gayung,Sate,Gemesin
Badak,Modem,Gedung,Kalung,Pempek,Bikin Ngakak
Merpati,Televisi,Kereta,Sabun,Roti,Gemes
Panda,Meja,Yacht,Jaket,Roti,Imut-imut
Kura-Kura,Handphone,Delman,Tirai,Lasagna,Ngakak
Koala,Oven,Pikap,Deodoran,Bakso,Cerdik
Gorila,Flashdisk,Pesawat,Sapu,Salad,Aneh
Pinguin,Laptop,Karavan,Karpet,Ketoprak,Pandai
Kucing,Kursi,Panser,Sabun,Kue,Jenaka
Ular,Harddisk,Skuter,Anting,Tempe,Cerdik
Buaya,Setrika,Jalan,Kacamata,Brownies,Humoris
Gajah,Dispenser,Panser,Gelang,Gudeg,Bikin Ngakak
Kelinci,Handphone,RV,Pasta Gigi,Puding,Menggelitik
Singa,Kipas Angin,Tram,Sprei,Es Buah,Menghibur
Gajah,Rice Cooker,Pemadam Kebakaran,Kacamata,Burger,Riang
Kenari,Mesin Cuci,Skuter,Selimut,Tacos,Lincah
Gorila,Mesin Cuci,Bulldozer,Bola,Ketoprak,Ngakak
Kenari,Buku,Panser,Cincin,Tahu,Gemesin
Koala,Mesin Cuci,Hatchback,Sepatu,Tacos,Cerdas
Kaswari,Meja,Gedung,Topi,Ketoprak,Bikin Ketawa
Serigala,Dispenser,Perahu,Kipas,Nasi Goreng,Seru
Komodo,Buku,Gedung,Sikat Gigi,Es Buah,Gemesin
Kenari,Kursi,Ambulans,Cincin,Gudeg,Supel
Angsa,Kursi,Delman,Bola,Gado-Gado,Cerdik
Badak,Kompor,Karavan,Payung,Es Buah,Imut
Orangutan,Keyboard,Traktor,Jam,Rawon,Pandai
Gajah,Vacuum Cleaner,Pesawat,Parfum,Jus,Ngakak
Kura-Kura,Kipas Angin,Rumah,Anting,Jus,Cerdas
Kakatua,Proyektor,Motor,Sikat Gigi,Cupcake,Menggemaskan
Zebra,Mixer,Jembatan,Lotion,Kerupuk,Gemes
Kucing,Router,Bulldozer,Sprei,Sambal,Unik
Kaswari,AC,Sedan,Ember,Yogurt,Centil
Burung Hantu,Modem,RV,Jaket,Waffle,Supel
Koala,Toaster,Pesawat,Sarung Tangan,Salad,Gemes
Pinguin,Vacuum Cleaner,Rumah,Gelang,Pizza,Lincah
Kelinci,Printer,Tram,Parfum,Rendang,Riang
Kuda,Whiteboard,Tram,Selimut,Smoothie,Lucu Banget
Orangutan,Mouse,Jeep,Selimut,Tempe,Riang
Kuda Nil,Harddisk,Gedung,Topi,Yogurt,Bikin Ngakak
Kadal,Proyektor,Ekskavator,Tas,Gado-Gado,Ngakak
Angsa,CCTV,Pemadam Kebakaran,Raket,Pizza,Asyik
Ular,Flashdisk,Pemadam Kebakaran,Sapu,Brownies,Nyeleneh
Kangguru,Mixer,Mobil,Kain,Smoothie,Menghibur
Simpanse,Dispenser,Pikap,Selimut,Sambal,Centil
Kaswari,Gelas,SUV,Kain,Pempek,Ngakak
Kadal,Kulkas,Jembatan,Guling,Pizza,Menggemaskan
Merpati,Laptop,Rumah,Sarung Tangan,Spaghetti,Kreatif
Elang,Dispenser,Jalan,Kasur,Sambal,Kreatif
Kucing,Scanner,Helikopter,Shampoo,Puding,Supel
Koala,Router,Gedung,Deodoran,Ketoprak,Imut-imut
Pinguin,Harddisk,Sepeda,Topi,Jus,Imut-imut
Koala,Microwave,Rumah,Kasur,Jus,Supel
Anjing,Setrika,Panser,Shampoo,Rendang,Imut
Kura-Kura,Toaster,Helikopter,Handuk,Waffle,Lucu
Zebra,Modem,Jembatan,Selang,Nasi Goreng,Aneh
Kaswari,AC,Tram,Kasur,Smoothie,Bikin Ketawa
Serigala,Komputer,Becak,Sabun,Gudeg,Ngakak
Burung Hantu,CCTV,Pemadam Kebakaran,Sapu,Spaghetti,Konyol
Lumba-Lumba,Mixer,Yacht,Pasta Gigi,Sambal,Humoris
Gajah,Kursi,Taksi,Selimut,Es Krim,Lucu Pol
Kura-Kura,Microwave,Feri,Dasi,Pempek,Kocak
Pinguin,Lampu,RV,Gelang,Spaghetti,Jail
Angsa,Televisi,Perahu,Jam,Es Buah,Lucu
Lumba-Lumba,Oven,Gedung,Sikat Gigi,Jus,Imut-imut
Buaya,Handphone,Truk,Lotion,Rendang,Cerdik
Kaswari,Kulkas,Tram,Topi,Hotdog,Usil
Angsa,Vacuum Cleaner,Taksi,Tirai,Smoothie,Lucu Pol
Kelinci,Komputer,Jeep,Tirai,Soto,Geli
Kadal,Kulkas,Jeep,Anting,Es Krim,Seru
Iguana,Printer,Taksi,Cincin,Burrito,Lucu Banget
Kuda Nil,Scanner,Helikopter,Kacamata,Yogurt,Lucu
Singa,Printer,Helikopter,Kipas,Burger,Lucu Abis
Gorila,Proyektor,Sedan,Gayung,Roti,Ceria
Buaya,Buku,Jeep,Kalung,Tempe,Lincah
Panda,Kompor,Sepeda,Guling,Tahu,Menggelitik
Merpati,Telepon,Bulldozer,Deodoran,Yogurt,Gemes
Kura-Kura,Kamera,Motor,Sepatu,Puding,Jenaka
Zebra,Speaker,Perahu,Cincin,Rawon,Unik
Elang,AC,Minivan,Parfum,Mie Ayam,Cerdas
Kuda Nil,Rice Cooker,Feri,Bola,Tahu,Geli
Ular,Microwave,Jet,Lotion,Mie Ayam,Bikin Ketawa
Koala,Monitor,Karavan,Sabun,Soto,Menggemaskan
Merpati,Scanner,Becak,Sprei,Tempe,Penyayang
Kakatua,Harddisk,Taksi,Pasta Gigi,Cupcake,Menarik
Kucing,Speaker,Kapal,Lotion,Cupcake,Geli
Buaya,Printer,Delman,Gelang,Brownies,Konyol
Angsa,Printer,Pikap,Sisir,Rawon,Humoris
Orangutan,Meja,Tank,Raket,Ketoprak,Menggemaskan
Pinguin,Scanner,Truk,Ember,Soto,Jenaka
Cendrawasih,Kursi,Helikopter,Kasur,Cupcake,Imut-imut
Kura-Kura,Keyboard,Kapal Selam,Lotion,Sate,Geli
